,corpus
0,eadi dead mayb even wish int nd floor hallway three night orderli lead liza door orderli white guy open door step room three white guy mid look wild straight jacket jerri liza reach end rope shake head int decrepit hospit room night ball fetal realli head press cement tri sing jerri blue moon blue moon int nd floor hallway three night liza stand lean rail wall orderli sure go know bad orderli okay liza start hall orderli follow orderli got new patient last week want see liza wave hopeless stop chicken wire window end hall look light break jerri somewher orderli look gotta get back work
1,summa cum laud launch brand new magazin call expos homag miss juli conroy xenia ohio juli grin juli know find excel editor chief ted yellow page juli let finger walk suddenli music chang peopl ted grin ted play song extend hand dare ask danc juli take hand better ted juli begin danc kiss b g charli jimmi feign tear charli sucker happi end hug jimmi hold start rise nelson hous cloud xenia ted v guess everybodi pretti much live happili ever parent give groceri store descend cloud quickli find ext london buckingham palac day mom dad take pictur smooch front palac ted v manag sneak away second honeymoon
2,come surpris take hand lead hallway salvator look feel pang seem smaller age wither bodi slightli stoop hair gather knot back head must tire want rest time funer salvator interrupt mamma take hour air know maria smile iron tell year salvator get messag feel guilti think seem incred never come maria open door step asid let son whisper put thing go go salvator lake step flabbergast sight old room perfectli reconstruct preserv look like museum museum past despit bed cloth cupboard book shelv perfectli clear one ever live
3,ded two detect int jeff apart night medium shot thorwald fight dislodg jeff grip ext jeff apart night close shot look jeff face show strain pain thorwald attack brick floor patio seem hundr feet int jeff apart night medium shot thorwald jeff struggl ext neighborhood night semi close shot doyl pull top wall lisa stella two men look lisa white face frighten int jeff apart night medium shot thorwald smash jeff arm hand jeff grip begin slip ext neighborhood night semi close shot doyl reach top wall look jeff ext neighborhood night medium long shot jeff seen doyl angl hang somehow weather thorwald insan attack ext neighborhood night semi close shot doyl reach servic revolv look call one dete
4,nd dismount children reach throw arm embrac charlott hurri behind martin lock eye envelop hug children ext fresh water plantat even summer oak tree cover leav martin hous partial rebuilt habit workshop alreadi complet martin children nathan samuel margaret william play tall grass front hous two great dane charlott sit front porch nurs infant martin walk workshop trail susan carri complet rock chair chair work art thin light spider web perfectli turn wood nail glue step onto porch next charlott place rock chair next martin two pound fourteen ounc charlott love smile make minut adjust chair posit sit settl back
5,breadth bluff gabe pull ancient binocular scan crack gabe pov crack pictur mine shaft design madman crack move upward errat side straight width crack uneven rang six inch six feet look outsid gabe turn binocular insid crack look crack goe way bluff rout gabe tunnel mountain instead go side gabe get side jessi gone far right think better shape gabe simpl ye would done jessi want lead gabe cute ext top bluff day vista point see everyth els mountain rang thing taller tower two mountain lie drop mere four thousand feet qualen said way across h
6,uild man pajama run rain cabbi lose grip bumper terrenc jerk closer sewer man grab cabbi hand pull resid gather sidewalk polic car siren approach someth give man pajama fall backward puddl small crowd look see terrenc pull free hole moan semi conscious move bodi past bleed stump leg use follow blood swirl eddi rain water flow black storm drain cut fierc bull charg matador red muletta snort blood crowd goe wild bull fight arena blaze spanish sun camera dolli past cheer spaniard find small group american student earli twenti gord man believ paid good money watch guy tight pant kill cow sherri disgust make
7,ell rita hayworth disgustingli rich well make money make quick start littl war think slick smother sabl like betti grabl disgustingli rich build castl cost passel resid pan presid aspir higher higher get marri buy girl darn pretti head swirl rita hayworth swim highbal stew eyebal well rita hayworth disgustingli rich well rita hayworth chorin nifti soft shoe turn schaefer turn mank schaefer serious truli care ever work mank yeah swell well rita hayworth conclud littl danc break well resum song well ev ry summer sail sea littl yacht normandi pet littl dachshund friend kiss louella big rear end disgustingli rich louella storm eat salmon play ba
8,memphi goe back garag budgi cackl cut ext rancho palo verd busi district ford escort drive upscal street palo verd three kid insid driver freb littl dim back mirror man black alway wear mirror shade passeng seat kip memphi younger brother car pull stop fanci store close line affluent busi district freb consult piec paper freb corner hawthorn granvia tumbler mess said lotu would corner hawthorn granvia kip mess point corner build exot motor ltd twenti foot high glass window surround showroom exot dream car porsch ferrari lamborghini berton lotu esprit v gleam night showroom light freb mirror man startl freb mirror man shittin
9,e reel world spin sweat pour pressur build insid skull brain put centrifug neo believ believ cypher go pop vomit violent neo pitch forward black int neo room blink regain conscious room dark neo stretch bed neo go back morpheu sit like shadow chair far corner morpheu could would realli want deep neo know answer morpheu feel owe apolog rule free mind reach certain age danger troubl let go mind turn seen happen broke rule stare dark confess much neo morpheu matrix first built man born insid abil chang want remak mat
